INSERT INTO `f_actions` (`ID`, `NAME`, `ACTION_TYPE`, `ADDITIONAL_PROPS`, `BODY_PARAMS`, `SORT`) VALUES
(1, 'Отправить письмо', 3, 'a:1:{i:0;s:2:"50";}', 'a:2:{i:0;s:27:"#FOODSHOT_NAME# - 325rwrwe\r";i:1;s:24:"#FOODSHOT_LINK# - wetwet";}', 1),
(2, 'Присвоить баллы за рецепт', 2, 'a:1:{i:0;s:4:"1000";}', 'a:1:{i:0;s:0:"";}', 2),
(3, 'Присвоить бейдж суши', 1, 'a:1:{i:0;s:5:"12769";}', 'a:1:{i:0;s:0:"";}', 3),
(4, 'test', 0, 'N;', 'a:1:{i:0;s:0:"";}', 10),
(5, 'Писмо профиля поля', 3, 'a:1:{i:0;s:2:"57";}', 'a:3:{i:0;s:21:"#RECIPE_NAME# - @@@@\r";i:1;s:32:"#EMAIL_TO#  - voff4eg@twinpx.ru\r";i:2;s:24:"#APPROVE_TIME# - 2123532";}', 99);

INSERT INTO `f_action_types` (`ID`, `NAME`, `CODE`, `SORT`) VALUES
(1, 'Присвоить бейдж', 'BAGE', 1),
(2, 'Присвоить баллы', 'ADD_POINTS', 2),
(3, 'Отправить письмо', 'SEND_MAIL', 3);

INSERT INTO `f_conditions` (`ID`, `NAME`, `EVENT_ID`, `ACTION_ID`, `SORT`) VALUES
(1, 'Заполнены поля', 1, 1, 1),
(2, 'Не заполнены поля', 2, 2, 2);

INSERT INTO `f_events` (`ID`, `EVENT_TYPE`, `NAME`, `ADDITIONAL_PROPS`, `CONDITIONS`, `SORT`) VALUES
(1, 4, 'Авторизовался на сайте', 'N;', 'a:3:{s:8:"CLASS_ID";s:9:"CondGroup";s:4:"DATA";a:2:{s:3:"All";s:3:"AND";s:4:"True";s:5:"False";}s:8:"CHILDREN";a:5:{i:0;a:2:{s:8:"CLASS_ID";s:13:"CondIBElement";s:4:"DATA";a:2:{s:5:"logic";s:5:"Equal";s:5:"value";i:4;}}i:1;a:2:{s:8:"CLASS_ID";s:13:"CondIBSection";s:4:"DATA";a:2:{s:5:"logic";s:5:"Equal";s:5:"value";i:29;}}i:2;a:2:{s:8:"CLASS_ID";s:12:"CondIBIBlock";s:4:"DATA";a:2:{s:5:"logic";s:5:"Equal";s:5:"value";i:6;}}i:3;a:2:{s:8:"CLASS_ID";s:8:"CondUser";s:4:"DATA";a:2:{s:5:"logic";s:5:"Equal";s:5:"value";i:20;}}i:4;a:2:{s:8:"CLASS_ID";s:13:"CondUserGroup";s:4:"DATA";a:2:{s:5:"logic";s:5:"Equal";s:5:"value";i:2;}}}}', 2),
(2, 4, 'Авторизовался админ на сайте', 'N;', 'a:3:{s:8:"CLASS_ID";s:9:"CondGroup";s:4:"DATA";a:2:{s:3:"All";s:2:"OR";s:4:"True";s:4:"True";}s:8:"CHILDREN";a:3:{i:0;a:2:{s:8:"CLASS_ID";s:13:"CondUserGroup";s:4:"DATA";a:2:{s:5:"logic";s:5:"Equal";s:5:"value";i:1;}}i:1;a:2:{s:8:"CLASS_ID";s:13:"CondUserGroup";s:4:"DATA";a:2:{s:5:"logic";s:3:"Not";s:5:"value";i:3;}}i:2;a:2:{s:8:"CLASS_ID";s:12:"CondIBIBlock";s:4:"DATA";a:2:{s:5:"logic";s:5:"Equal";s:5:"value";i:15;}}}}', 2),
(3, 1, 'Заполнена информация о себе', 'N;', 'a:3:{s:8:"CLASS_ID";s:9:"CondGroup";s:4:"DATA";a:2:{s:3:"All";s:3:"AND";s:4:"True";s:4:"True";}s:8:"CHILDREN";a:1:{i:0;a:2:{s:8:"CLASS_ID";s:21:"CondIBElementProperty";s:4:"DATA";N;}}}', 3),
(7, 7, 'Добавление элемента инфоблока Фудшоты', 'N;', 'a:3:{s:8:"CLASS_ID";s:9:"CondGroup";s:4:"DATA";a:2:{s:3:"All";s:3:"AND";s:4:"True";s:4:"True";}s:8:"CHILDREN";a:1:{i:0;a:2:{s:8:"CLASS_ID";s:12:"CondIBIBlock";s:4:"DATA";a:2:{s:5:"logic";s:5:"Equal";s:5:"value";i:18;}}}}', 10),
(8, 4, 'Авторизовался на сайте', 'N;', 'a:3:{s:8:"CLASS_ID";s:9:"CondGroup";s:4:"DATA";a:2:{s:3:"All";s:3:"AND";s:4:"True";s:4:"True";}s:8:"CHILDREN";a:2:{i:1;a:2:{s:8:"CLASS_ID";s:8:"CondUser";s:4:"DATA";a:2:{s:5:"logic";s:5:"Equal";s:5:"value";i:22;}}i:2;a:2:{s:8:"CLASS_ID";s:13:"CondUserGroup";s:4:"DATA";a:2:{s:5:"logic";s:5:"Equal";s:5:"value";i:1;}}}}', 10),
(9, 7, 'Добавление рецепта', 'N;', 'a:3:{s:8:"CLASS_ID";s:9:"CondGroup";s:4:"DATA";a:2:{s:3:"All";s:3:"AND";s:4:"True";s:4:"True";}s:8:"CHILDREN";a:7:{i:0;a:2:{s:8:"CLASS_ID";s:12:"CondIBIBlock";s:4:"DATA";a:2:{s:5:"logic";s:5:"Equal";s:5:"value";i:5;}}i:1;a:3:{s:8:"CLASS_ID";s:9:"CondGroup";s:4:"DATA";a:2:{s:3:"All";s:3:"AND";s:4:"True";s:4:"True";}s:8:"CHILDREN";a:2:{i:0;a:2:{s:8:"CLASS_ID";s:21:"CondIBElementProperty";s:4:"DATA";a:2:{s:5:"logic";s:5:"Equal";s:5:"value";i:27;}}i:1;a:3:{s:8:"CLASS_ID";s:17:"CondQuantityValue";s:4:"DATA";a:2:{s:5:"logic";s:5:"Great";s:5:"value";s:2:"20";}s:8:"CHILDREN";a:0:{}}}}i:2;a:3:{s:8:"CLASS_ID";s:9:"CondGroup";s:4:"DATA";a:2:{s:3:"All";s:3:"AND";s:4:"True";s:4:"True";}s:8:"CHILDREN";a:3:{i:0;a:2:{s:8:"CLASS_ID";s:21:"CondIBElementProperty";s:4:"DATA";a:2:{s:5:"logic";s:5:"Equal";s:5:"value";i:26;}}i:1;a:3:{s:8:"CLASS_ID";s:17:"CondQuantityValue";s:4:"DATA";a:2:{s:5:"logic";s:5:"Equal";s:5:"value";s:1:"2";}s:8:"CHILDREN";a:0:{}}i:2;a:2:{s:8:"CLASS_ID";s:21:"CondIBElementProperty";s:4:"DATA";a:2:{s:5:"logic";s:5:"Equal";s:5:"value";i:25;}}}}i:3;a:3:{s:8:"CLASS_ID";s:10:"CondIBName";s:4:"DATA";a:2:{s:5:"logic";s:7:"Contain";s:5:"value";s:4:"TEST";}s:8:"CHILDREN";a:0:{}}i:4;a:3:{s:8:"CLASS_ID";s:16:"CondIBDateCreate";s:4:"DATA";a:2:{s:5:"logic";s:5:"Great";s:5:"value";i:1408183020;}s:8:"CHILDREN";a:0:{}}i:5;a:3:{s:8:"CLASS_ID";s:14:"CondUserLADate";s:4:"DATA";a:2:{s:5:"logic";s:5:"Equal";s:5:"value";i:1408450080;}s:8:"CHILDREN";a:0:{}}i:7;a:3:{s:8:"CLASS_ID";s:20:"CondUserDateRegister";s:4:"DATA";a:2:{s:5:"logic";s:5:"Equal";s:5:"value";i:1408363680;}s:8:"CHILDREN";a:0:{}}}}', 10),
(12, 6, 'Заполнил все графы профиля пользователя', 'N;', 'a:3:{s:8:"CLASS_ID";s:9:"CondGroup";s:4:"DATA";a:2:{s:3:"All";s:3:"AND";s:4:"True";s:4:"True";}s:8:"CHILDREN";a:16:{i:0;a:3:{s:8:"CLASS_ID";s:9:"CondGroup";s:4:"DATA";a:2:{s:3:"All";s:3:"AND";s:4:"True";s:4:"True";}s:8:"CHILDREN";a:2:{i:0;a:3:{s:8:"CLASS_ID";s:16:"CondUserProperty";s:4:"DATA";a:2:{s:5:"logic";s:5:"Equal";s:5:"value";i:1;}s:8:"CHILDREN";a:0:{}}i:1;a:3:{s:8:"CLASS_ID";s:17:"CondQuantityValue";s:4:"DATA";a:2:{s:5:"logic";s:5:"Great";s:5:"value";s:1:"0";}s:8:"CHILDREN";a:0:{}}}}i:1;a:3:{s:8:"CLASS_ID";s:12:"CondUserName";s:4:"DATA";a:2:{s:5:"logic";s:5:"Great";s:5:"value";s:1:"0";}s:8:"CHILDREN";a:0:{}}i:2;a:3:{s:8:"CLASS_ID";s:16:"CondUserLastName";s:4:"DATA";a:2:{s:5:"logic";s:5:"Great";s:5:"value";s:1:"0";}s:8:"CHILDREN";a:0:{}}i:3;a:3:{s:8:"CLASS_ID";s:13:"CondUserEmail";s:4:"DATA";a:2:{s:5:"logic";s:5:"Great";s:5:"value";s:1:"0";}s:8:"CHILDREN";a:0:{}}i:4;a:3:{s:8:"CLASS_ID";s:17:"CondPersonalPhoto";s:4:"DATA";a:2:{s:5:"logic";s:5:"Great";s:5:"value";s:1:"0";}s:8:"CHILDREN";a:0:{}}i:5;a:3:{s:8:"CLASS_ID";s:15:"CondUserWorkWWW";s:4:"DATA";a:2:{s:5:"logic";s:5:"Great";s:5:"value";s:1:"0";}s:8:"CHILDREN";a:0:{}}i:6;a:3:{s:8:"CLASS_ID";s:9:"CondGroup";s:4:"DATA";a:2:{s:3:"All";s:3:"AND";s:4:"True";s:4:"True";}s:8:"CHILDREN";a:2:{i:0;a:3:{s:8:"CLASS_ID";s:16:"CondUserProperty";s:4:"DATA";a:2:{s:5:"logic";s:5:"Equal";s:5:"value";i:18;}s:8:"CHILDREN";a:0:{}}i:1;a:3:{s:8:"CLASS_ID";s:17:"CondQuantityValue";s:4:"DATA";a:2:{s:5:"logic";s:5:"Great";s:5:"value";s:1:"0";}s:8:"CHILDREN";a:0:{}}}}i:7;a:3:{s:8:"CLASS_ID";s:9:"CondGroup";s:4:"DATA";a:2:{s:3:"All";s:3:"AND";s:4:"True";s:4:"True";}s:8:"CHILDREN";a:2:{i:0;a:3:{s:8:"CLASS_ID";s:16:"CondUserProperty";s:4:"DATA";a:2:{s:5:"logic";s:5:"Equal";s:5:"value";i:27;}s:8:"CHILDREN";a:0:{}}i:1;a:3:{s:8:"CLASS_ID";s:17:"CondQuantityValue";s:4:"DATA";a:2:{s:5:"logic";s:5:"Great";s:5:"value";s:1:"0";}s:8:"CHILDREN";a:0:{}}}}i:8;a:3:{s:8:"CLASS_ID";s:9:"CondGroup";s:4:"DATA";a:2:{s:3:"All";s:3:"AND";s:4:"True";s:4:"True";}s:8:"CHILDREN";a:2:{i:0;a:3:{s:8:"CLASS_ID";s:16:"CondUserProperty";s:4:"DATA";a:2:{s:5:"logic";s:5:"Equal";s:5:"value";i:9;}s:8:"CHILDREN";a:0:{}}i:1;a:3:{s:8:"CLASS_ID";s:17:"CondQuantityValue";s:4:"DATA";a:2:{s:5:"logic";s:5:"Great";s:5:"value";s:1:"0";}s:8:"CHILDREN";a:0:{}}}}i:9;a:3:{s:8:"CLASS_ID";s:9:"CondGroup";s:4:"DATA";a:2:{s:3:"All";s:3:"AND";s:4:"True";s:4:"True";}s:8:"CHILDREN";a:2:{i:0;a:3:{s:8:"CLASS_ID";s:16:"CondUserProperty";s:4:"DATA";a:2:{s:5:"logic";s:5:"Equal";s:5:"value";i:10;}s:8:"CHILDREN";a:0:{}}i:1;a:3:{s:8:"CLASS_ID";s:17:"CondQuantityValue";s:4:"DATA";a:2:{s:5:"logic";s:5:"Great";s:5:"value";s:1:"0";}s:8:"CHILDREN";a:0:{}}}}i:10;a:3:{s:8:"CLASS_ID";s:9:"CondGroup";s:4:"DATA";a:2:{s:3:"All";s:3:"AND";s:4:"True";s:4:"True";}s:8:"CHILDREN";a:2:{i:0;a:3:{s:8:"CLASS_ID";s:16:"CondUserProperty";s:4:"DATA";a:2:{s:5:"logic";s:5:"Equal";s:5:"value";i:11;}s:8:"CHILDREN";a:0:{}}i:1;a:3:{s:8:"CLASS_ID";s:17:"CondQuantityValue";s:4:"DATA";a:2:{s:5:"logic";s:5:"Great";s:5:"value";s:1:"0";}s:8:"CHILDREN";a:0:{}}}}i:11;a:3:{s:8:"CLASS_ID";s:9:"CondGroup";s:4:"DATA";a:2:{s:3:"All";s:3:"AND";s:4:"True";s:4:"True";}s:8:"CHILDREN";a:2:{i:0;a:3:{s:8:"CLASS_ID";s:16:"CondUserProperty";s:4:"DATA";a:2:{s:5:"logic";s:5:"Equal";s:5:"value";i:12;}s:8:"CHILDREN";a:0:{}}i:1;a:3:{s:8:"CLASS_ID";s:17:"CondQuantityValue";s:4:"DATA";a:2:{s:5:"logic";s:5:"Great";s:5:"value";s:1:"0";}s:8:"CHILDREN";a:0:{}}}}i:12;a:3:{s:8:"CLASS_ID";s:9:"CondGroup";s:4:"DATA";a:2:{s:3:"All";s:3:"AND";s:4:"True";s:4:"True";}s:8:"CHILDREN";a:2:{i:0;a:3:{s:8:"CLASS_ID";s:16:"CondUserProperty";s:4:"DATA";a:2:{s:5:"logic";s:5:"Equal";s:5:"value";i:13;}s:8:"CHILDREN";a:0:{}}i:1;a:3:{s:8:"CLASS_ID";s:17:"CondQuantityValue";s:4:"DATA";a:2:{s:5:"logic";s:5:"Great";s:5:"value";s:1:"0";}s:8:"CHILDREN";a:0:{}}}}i:13;a:3:{s:8:"CLASS_ID";s:9:"CondGroup";s:4:"DATA";a:2:{s:3:"All";s:3:"AND";s:4:"True";s:4:"True";}s:8:"CHILDREN";a:2:{i:0;a:3:{s:8:"CLASS_ID";s:16:"CondUserProperty";s:4:"DATA";a:2:{s:5:"logic";s:5:"Equal";s:5:"value";i:14;}s:8:"CHILDREN";a:0:{}}i:1;a:3:{s:8:"CLASS_ID";s:17:"CondQuantityValue";s:4:"DATA";a:2:{s:5:"logic";s:5:"Great";s:5:"value";s:1:"0";}s:8:"CHILDREN";a:0:{}}}}i:14;a:3:{s:8:"CLASS_ID";s:9:"CondGroup";s:4:"DATA";a:2:{s:3:"All";s:3:"AND";s:4:"True";s:4:"True";}s:8:"CHILDREN";a:2:{i:0;a:3:{s:8:"CLASS_ID";s:16:"CondUserProperty";s:4:"DATA";a:2:{s:5:"logic";s:5:"Equal";s:5:"value";i:15;}s:8:"CHILDREN";a:0:{}}i:1;a:3:{s:8:"CLASS_ID";s:17:"CondQuantityValue";s:4:"DATA";a:2:{s:5:"logic";s:5:"Great";s:5:"value";s:1:"0";}s:8:"CHILDREN";a:0:{}}}}i:15;a:3:{s:8:"CLASS_ID";s:9:"CondGroup";s:4:"DATA";a:2:{s:3:"All";s:3:"AND";s:4:"True";s:4:"True";}s:8:"CHILDREN";a:2:{i:0;a:3:{s:8:"CLASS_ID";s:16:"CondUserProperty";s:4:"DATA";a:2:{s:5:"logic";s:5:"Equal";s:5:"value";i:16;}s:8:"CHILDREN";a:0:{}}i:1;a:3:{s:8:"CLASS_ID";s:17:"CondQuantityValue";s:4:"DATA";a:2:{s:5:"logic";s:5:"Great";s:5:"value";s:1:"0";}s:8:"CHILDREN";a:0:{}}}}}}', 10);

INSERT INTO `f_event_types` (`ID`, `CODE`, `NAME`, `TYPE`, `HANDLER`, `SORT`) VALUES
(1, 'REGISTRATION', 'Перед регистрацией пользователя', 'USER', 'OnBeforeUserRegisterHandler', 1),
(2, 'REGISTRATION', 'После регистрации пользователя', 'USER', 'OnAfterUserRegisterHandler', 2),
(3, 'AUTHORIZATION', 'Перед авторизацией пользователя', 'USER', 'OnBeforeUserLoginHandler', 3),
(4, 'AUTHORIZATION', 'После авторизации пользователя', 'USER', 'OnAfterUserLoginHandler', 4),
(5, 'EDIT_PROFILE', 'Перед редактированием пользователя', 'USER', 'OnBeforeUserUpdateHandler', 5),
(6, 'EDIT_PROFILE', 'После редактирования пользователя', 'USER', 'OnAfterUserUpdateHandler', 6),
(12, 'IBLOCK_ELEMENT_DELETE', 'Перед удалением элемента инфоблока', 'IBLOCK', 'OnBeforeIBlockElementDeleteHandler', 7),
(11, 'IBLOCK_ELEMENT_DELETE', 'После удаления элемента инфоблока', 'IBLOCK', 'OnAfterIBlockElementDeleteHandler', 7),
(10, 'IBLOCK_ELEMENT_UPDATE', 'Перед редактированием элемента инфоблока', 'IBLOCK', 'OnBeforeIBlockElementUpdateHandler', 7),
(9, 'IBLOCK_ELEMENT_UPDATE', 'После редактирования элемента инфоблока', 'IBLOCK', 'OnAfterIBlockElementUpdateHandler', 7),
(8, 'IBLOCK_ELEMENT_ADD', 'Перед добавлением элемента инфоблока', 'IBLOCK', 'OnBeforeIBlockElementAddHandler', 7),
(7, 'IBLOCK_ELEMENT_ADD', 'После добавления элемента инфоблока', 'IBLOCK', 'OnAfterIBlockElementAddHandler', 7);

INSERT INTO `f_event_type_fields` (`ID`, `NAME`, `TYPE`, `FIELD_TYPE`, `SORT`) VALUES
(1, 'Группа пользователя', 1, 'GROUP_ID', 1),
(2, 'Группа пользователя', 2, 'GROUP_ID', 2),
(3, 'Заполнение поля', 3, 'FORM_FIELD', 3),
(4, 'Инфоболок', 4, 'IBLOCK_ID', 4);

INSERT INTO `f_triggers` (`ID`, `NAME`, `EVENT_ID`, `CONDITION_ID`, `ACTION_ID`, `SORT`) VALUES
(1, 'Авторизация + баллы', 2, 0, 'YToxOntpOjA7czoxOiIyIjt9', 1),
(2, 'Авторизация + бейдж', 2, 0, 'YToxOntpOjA7czoxOiIzIjt9', 2),
(3, 'О себе + бейдж', 3, 3, 'YToxOntpOjA7czoxOiIzIjt9', 3),
(4, 'Авторизация + письмо', 2, 0, 'YToxOntpOjA7czoxOiIxIjt9', 10),
(5, 'Рецепт + Балл', 9, 0, 'YToyOntpOjA7czoxOiIxIjtpOjE7czoxOiIyIjt9', 10),
(6, 'Все поля + письмо', 12, 0, 'YToxOntpOjA7czoxOiI1Ijt9', 99);

INSERT INTO `f_triggers_log` (`ID`, `NAME`, `TRIGGER_ID`, `DATE_CREATE`, `CREATED_BY`) VALUES
(1, 'Тестовое событие', 2, '0000-00-00 00:00:00', 1),
(2, '2', 0, '2014-02-12 14:16:28', 2253),
(3, '2', 4, '2014-02-12 14:23:04', 2253),
(4, 'Присвоить баллы за рецепт', 4, '2014-02-12 14:31:57', 2253),
(5, 'Присвоить баллы за рецепт', 4, '2014-02-13 10:57:36', 2253),
(6, 'Присвоить баллы', 4, '2014-02-13 12:54:42', 1),
(7, 'Присвоить баллы', 4, '2014-02-13 15:09:26', NULL),
(8, 'Присвоить баллы', 1, '2014-02-13 15:09:26', NULL),
(9, 'Присвоить баллы', 4, '2014-02-13 15:09:42', 2253),
(10, 'Присвоить баллы', 1, '2014-02-13 15:09:42', 2253),
(11, 'Присвоить баллы', 4, '2014-02-13 15:10:29', 2253),
(12, 'Присвоить баллы', 1, '2014-02-13 15:10:29', 2253),
(13, 'Присвоить баллы', 4, '2014-02-13 15:12:23', 2253),
(14, 'Присвоить баллы', 1, '2014-02-13 15:12:23', 2253),
(15, 'Присвоить баллы', 4, '2014-02-14 11:08:33', 2253),
(16, 'Присвоить баллы', 1, '2014-02-14 11:08:33', 2253),
(17, 'Отправить письмо', 4, '2014-02-20 16:53:42', 2253),
(18, 'Присвоить баллы за рецепт', 1, '2014-02-20 16:53:43', 2253),
(19, 'Отправить письмо', 4, '2014-02-20 17:40:37', 2253),
(20, 'Присвоить баллы за рецепт', 1, '2014-02-20 17:40:37', 2253),
(21, 'Отправить письмо', 4, '2014-02-20 17:44:19', 2253),
(22, 'Присвоить баллы за рецепт', 1, '2014-02-20 17:44:19', 2253),
(23, 'Отправить письмо', 4, '2014-02-20 17:50:19', 2253),
(24, 'Присвоить баллы за рецепт', 1, '2014-02-20 17:50:19', 2253),
(25, 'Отправить письмо', 4, '2014-02-20 18:04:11', 2253),
(26, 'Присвоить баллы за рецепт', 1, '2014-02-20 18:04:11', 2253),
(27, 'Отправить письмо', 4, '2014-02-20 18:06:05', 2253),
(28, 'Присвоить баллы за рецепт', 1, '2014-02-20 18:06:05', 2253),
(29, 'Отправить письмо', 4, '2014-02-20 18:26:37', 2253),
(30, 'Отправить письмо', 4, '2014-02-20 18:27:34', 2253),
(31, 'Отправить письмо', 4, '2014-02-20 18:30:21', 2253),
(32, 'Отправить письмо', 4, '2014-02-20 18:30:45', 2253),
(33, 'Присвоить бейдж суши', 2, '2014-02-20 18:30:45', 2253),
(34, 'Присвоить баллы за рецепт', 1, '2014-02-20 18:30:45', 2253),
(35, 'Отправить письмо', 4, '2014-04-02 16:34:06', 5),
(36, 'Присвоить бейдж суши', 2, '2014-04-02 16:34:06', 5),
(37, 'Присвоить баллы за рецепт', 1, '2014-04-02 16:34:06', 5),
(38, 'Отправить письмо', 4, '2014-04-08 16:45:32', 1),
(39, 'Присвоить бейдж суши', 2, '2014-04-08 16:45:32', 1),
(40, 'Присвоить баллы за рецепт', 1, '2014-04-08 16:45:32', 1),
(41, 'Отправить письмо', 4, '2014-04-21 17:40:26', 1),
(42, 'Присвоить бейдж суши', 2, '2014-04-21 17:40:26', 1),
(43, 'Присвоить баллы за рецепт', 1, '2014-04-21 17:40:26', 1),
(44, 'Отправить письмо', 4, '2014-04-22 15:01:52', 1),
(45, 'Присвоить бейдж суши', 2, '2014-04-22 15:01:52', 1),
(46, 'Присвоить баллы за рецепт', 1, '2014-04-22 15:01:52', 1),
(47, 'Отправить письмо', 4, '2014-04-22 15:15:27', 1),
(48, 'Присвоить бейдж суши', 2, '2014-04-22 15:15:27', 1),
(49, 'Присвоить баллы за рецепт', 1, '2014-04-22 15:15:27', 1),
(50, 'Отправить письмо', 4, '2014-04-23 17:25:17', 1),
(51, 'Присвоить бейдж суши', 2, '2014-04-23 17:25:17', 1),
(52, 'Присвоить баллы за рецепт', 1, '2014-04-23 17:25:17', 1),
(53, 'Отправить письмо', 4, '2014-05-05 10:08:38', 1),
(54, 'Присвоить бейдж суши', 2, '2014-05-05 10:08:39', 1),
(55, 'Присвоить баллы за рецепт', 1, '2014-05-05 10:08:39', 1),
(56, 'Отправить письмо', 4, '2014-05-12 15:06:00', 1),
(57, 'Присвоить бейдж суши', 2, '2014-05-12 15:06:00', 1),
(58, 'Присвоить баллы за рецепт', 1, '2014-05-12 15:06:00', 1),
(59, 'Отправить письмо', 4, '2014-05-12 17:33:17', 1),
(60, 'Присвоить бейдж суши', 2, '2014-05-12 17:33:17', 1),
(61, 'Присвоить баллы за рецепт', 1, '2014-05-12 17:33:17', 1),
(62, 'Отправить письмо', 4, '2014-05-20 14:25:25', 56),
(63, 'Присвоить бейдж суши', 2, '2014-05-20 14:25:25', 56),
(64, 'Присвоить баллы за рецепт', 1, '2014-05-20 14:25:25', 56),
(65, 'Отправить письмо', 4, '2014-05-29 17:16:03', 1),
(66, 'Присвоить бейдж суши', 2, '2014-05-29 17:16:03', 1),
(67, 'Присвоить баллы за рецепт', 1, '2014-05-29 17:16:03', 1),
(68, 'Отправить письмо', 4, '2014-05-30 10:36:10', 1),
(69, 'Присвоить бейдж суши', 2, '2014-05-30 10:36:10', 1),
(70, 'Присвоить баллы за рецепт', 1, '2014-05-30 10:36:10', 1),
(71, 'Отправить письмо', 4, '2014-05-30 12:16:21', 1),
(72, 'Присвоить бейдж суши', 2, '2014-05-30 12:16:21', 1),
(73, 'Присвоить баллы за рецепт', 1, '2014-05-30 12:16:21', 1),
(74, 'Отправить письмо', 4, '2014-06-03 12:25:26', 1),
(75, 'Присвоить бейдж суши', 2, '2014-06-03 12:25:26', 1),
(76, 'Присвоить баллы за рецепт', 1, '2014-06-03 12:25:26', 1),
(77, 'Отправить письмо', 4, '2014-06-03 12:25:55', 56),
(78, 'Присвоить бейдж суши', 2, '2014-06-03 12:25:55', 56),
(79, 'Присвоить баллы за рецепт', 1, '2014-06-03 12:25:55', 56),
(80, 'Отправить письмо', 4, '2014-06-04 17:51:02', 1),
(81, 'Присвоить бейдж суши', 2, '2014-06-04 17:51:03', 1),
(82, 'Присвоить баллы за рецепт', 1, '2014-06-04 17:51:03', 1),
(83, 'Отправить письмо', 4, '2014-06-09 18:08:20', 1),
(84, 'Присвоить бейдж суши', 2, '2014-06-09 18:08:21', 1),
(85, 'Присвоить баллы за рецепт', 1, '2014-06-09 18:08:21', 1),
(86, 'Отправить письмо', 4, '2014-06-10 15:11:53', 1),
(87, 'Присвоить бейдж суши', 2, '2014-06-10 15:11:53', 1),
(88, 'Присвоить баллы за рецепт', 1, '2014-06-10 15:11:53', 1),
(89, 'Отправить письмо', 4, '2014-06-11 10:35:24', 1),
(90, 'Присвоить бейдж суши', 2, '2014-06-11 10:35:24', 1),
(91, 'Присвоить баллы за рецепт', 1, '2014-06-11 10:35:24', 1),
(92, 'Отправить письмо', 4, '2014-06-18 16:27:58', 1),
(93, 'Присвоить бейдж суши', 2, '2014-06-18 16:27:59', 1),
(94, 'Присвоить баллы за рецепт', 1, '2014-06-18 16:27:59', 1),
(95, 'Отправить письмо', 4, '2014-06-24 15:02:42', 5),
(96, 'Присвоить бейдж суши', 2, '2014-06-24 15:02:42', 5),
(97, 'Присвоить баллы за рецепт', 1, '2014-06-24 15:02:42', 5),
(98, 'Отправить письмо', 4, '2014-06-25 10:38:31', 56),
(99, 'Присвоить бейдж суши', 2, '2014-06-25 10:38:31', 56),
(100, 'Присвоить баллы за рецепт', 1, '2014-06-25 10:38:31', 56),
(101, 'Отправить письмо', 4, '2014-06-25 10:56:07', 2253),
(102, 'Присвоить бейдж суши', 2, '2014-06-25 10:56:07', 2253),
(103, 'Присвоить баллы за рецепт', 1, '2014-06-25 10:56:07', 2253),
(104, 'Отправить письмо', 4, '2014-06-26 10:13:21', NULL),
(105, 'Присвоить бейдж суши', 2, '2014-06-26 10:13:21', NULL),
(106, 'Присвоить баллы за рецепт', 1, '2014-06-26 10:13:21', NULL),
(107, 'Отправить письмо', 4, '2014-06-26 10:13:33', 2253),
(108, 'Присвоить бейдж суши', 2, '2014-06-26 10:13:33', 2253),
(109, 'Присвоить баллы за рецепт', 1, '2014-06-26 10:13:33', 2253),
(110, 'Отправить письмо', 4, '2014-06-27 10:15:36', 5),
(111, 'Присвоить бейдж суши', 2, '2014-06-27 10:15:36', 5),
(112, 'Присвоить баллы за рецепт', 1, '2014-06-27 10:15:36', 5),
(113, 'Отправить письмо', 4, '2014-06-27 11:57:26', 1),
(114, 'Присвоить бейдж суши', 2, '2014-06-27 11:57:26', 1),
(115, 'Присвоить баллы за рецепт', 1, '2014-06-27 11:57:26', 1),
(116, 'Отправить письмо', 4, '2014-07-07 10:14:08', 1),
(117, 'Присвоить бейдж суши', 2, '2014-07-07 10:14:08', 1),
(118, 'Присвоить баллы за рецепт', 1, '2014-07-07 10:14:08', 1),
(119, 'Отправить письмо', 4, '2014-07-08 13:18:55', 1),
(120, 'Присвоить бейдж суши', 2, '2014-07-08 13:18:55', 1),
(121, 'Присвоить баллы за рецепт', 1, '2014-07-08 13:18:55', 1),
(122, 'Отправить письмо', 4, '2014-07-17 10:41:02', 2253),
(123, 'Присвоить бейдж суши', 2, '2014-07-17 10:41:02', 2253),
(124, 'Присвоить баллы за рецепт', 1, '2014-07-17 10:41:02', 2253),
(125, 'Отправить письмо', 4, '2014-07-18 11:28:57', 1),
(126, 'Присвоить бейдж суши', 2, '2014-07-18 11:28:57', 1),
(127, 'Присвоить баллы за рецепт', 1, '2014-07-18 11:28:57', 1),
(128, 'Отправить письмо', 4, '2014-07-18 11:38:21', 1),
(129, 'Присвоить бейдж суши', 2, '2014-07-18 11:38:21', 1),
(130, 'Присвоить баллы за рецепт', 1, '2014-07-18 11:38:21', 1),
(131, 'Отправить письмо', 4, '2014-07-29 10:53:25', 2253),
(132, 'Присвоить бейдж суши', 2, '2014-07-29 10:53:25', 2253),
(133, 'Присвоить баллы за рецепт', 1, '2014-07-29 10:53:25', 2253),
(134, 'Отправить письмо', 4, '2014-07-31 11:47:45', 2253),
(135, 'Присвоить бейдж суши', 2, '2014-07-31 11:47:45', 2253),
(136, 'Присвоить баллы за рецепт', 1, '2014-07-31 11:47:45', 2253),
(137, 'Отправить письмо', 4, '2014-08-01 13:02:41', NULL),
(138, 'Присвоить бейдж суши', 2, '2014-08-01 13:02:41', NULL),
(139, 'Присвоить баллы за рецепт', 1, '2014-08-01 13:02:41', NULL),
(140, 'Отправить письмо', 4, '2014-08-01 13:02:54', 2253),
(141, 'Присвоить бейдж суши', 2, '2014-08-01 13:02:55', 2253),
(142, 'Присвоить баллы за рецепт', 1, '2014-08-01 13:02:55', 2253),
(143, 'Отправить письмо', 4, '2014-08-04 10:54:04', NULL),
(144, 'Присвоить бейдж суши', 2, '2014-08-04 10:54:05', NULL),
(145, 'Присвоить баллы за рецепт', 1, '2014-08-04 10:54:05', NULL),
(146, 'Отправить письмо', 4, '2014-08-04 10:54:16', 2253),
(147, 'Присвоить бейдж суши', 2, '2014-08-04 10:54:16', 2253),
(148, 'Присвоить баллы за рецепт', 1, '2014-08-04 10:54:16', 2253),
(149, 'Отправить письмо', 4, '2014-08-05 10:43:33', 2253),
(150, 'Присвоить бейдж суши', 2, '2014-08-05 10:43:33', 2253),
(151, 'Присвоить баллы за рецепт', 1, '2014-08-05 10:43:33', 2253),
(152, 'Отправить письмо', 4, '2014-08-05 12:27:14', 56),
(153, 'Присвоить бейдж суши', 2, '2014-08-05 12:27:14', 56),
(154, 'Присвоить баллы за рецепт', 1, '2014-08-05 12:27:14', 56),
(155, 'Отправить письмо', 4, '2014-08-05 15:01:55', 56),
(156, 'Присвоить бейдж суши', 2, '2014-08-05 15:01:55', 56),
(157, 'Присвоить баллы за рецепт', 1, '2014-08-05 15:01:55', 56),
(158, 'Отправить письмо', 4, '2014-08-06 10:10:08', 2253),
(159, 'Присвоить бейдж суши', 2, '2014-08-06 10:10:08', 2253),
(160, 'Присвоить баллы за рецепт', 1, '2014-08-06 10:10:08', 2253),
(161, 'Отправить письмо', 4, '2014-08-07 09:57:49', 2253),
(162, 'Присвоить бейдж суши', 2, '2014-08-07 09:57:49', 2253),
(163, 'Присвоить баллы за рецепт', 1, '2014-08-07 09:57:49', 2253),
(164, 'Отправить письмо', 4, '2014-08-07 10:11:01', 56),
(165, 'Присвоить бейдж суши', 2, '2014-08-07 10:11:01', 56),
(166, 'Присвоить баллы за рецепт', 1, '2014-08-07 10:11:01', 56),
(167, 'Отправить письмо', 4, '2014-08-07 11:47:26', 56),
(168, 'Присвоить бейдж суши', 2, '2014-08-07 11:47:26', 56),
(169, 'Присвоить баллы за рецепт', 1, '2014-08-07 11:47:26', 56),
(170, 'Отправить письмо', 4, '2014-08-08 12:55:22', NULL),
(171, 'Присвоить бейдж суши', 2, '2014-08-08 12:55:22', NULL),
(172, 'Присвоить баллы за рецепт', 1, '2014-08-08 12:55:22', NULL),
(173, 'Отправить письмо', 4, '2014-08-08 12:55:31', NULL),
(174, 'Присвоить бейдж суши', 2, '2014-08-08 12:55:31', NULL),
(175, 'Присвоить баллы за рецепт', 1, '2014-08-08 12:55:31', NULL),
(176, 'Отправить письмо', 4, '2014-08-08 12:55:39', 2253),
(177, 'Присвоить бейдж суши', 2, '2014-08-08 12:55:39', 2253),
(178, 'Присвоить баллы за рецепт', 1, '2014-08-08 12:55:39', 2253),
(179, 'Отправить письмо', 4, '2014-08-13 10:56:53', 2253),
(180, 'Присвоить бейдж суши', 2, '2014-08-13 10:56:54', 2253),
(181, 'Отправить письмо', 4, '2014-08-13 11:23:44', 2253),
(182, 'Присвоить бейдж суши', 2, '2014-08-13 11:23:45', 2253),
(183, 'Отправить письмо', 4, '2014-08-13 11:25:12', 2253),
(184, 'Присвоить бейдж суши', 2, '2014-08-13 11:25:12', 2253),
(185, 'Отправить письмо', 4, '2014-08-13 11:25:27', 2253),
(186, 'Присвоить бейдж суши', 2, '2014-08-13 11:25:27', 2253),
(187, 'Присвоить баллы за рецепт', 1, '2014-08-13 11:25:27', 2253),
(188, 'Присвоить баллы за рецепт', 5, '2014-08-13 12:15:18', 2253),
(189, 'Присвоить баллы за рецепт', 5, '2014-08-13 12:15:30', 2253),
(190, 'Присвоить баллы за рецепт', 5, '2014-08-13 15:51:08', 2253),
(191, 'Присвоить баллы за рецепт', 5, '2014-08-13 15:51:19', 2253),
(192, 'Отправить письмо', 4, '2014-08-13 15:53:31', 2253),
(193, 'Присвоить бейдж суши', 2, '2014-08-13 15:53:32', 2253),
(194, 'Присвоить баллы за рецепт', 1, '2014-08-13 15:53:32', 2253),
(195, 'Присвоить баллы за рецепт', 5, '2014-08-13 16:13:09', 2253),
(196, 'Присвоить баллы за рецепт', 5, '2014-08-13 16:41:44', 2253),
(197, 'Отправить письмо', 4, '2014-08-14 10:14:22', 2253),
(198, 'Присвоить бейдж суши', 2, '2014-08-14 10:14:22', 2253),
(199, 'Присвоить баллы за рецепт', 1, '2014-08-14 10:14:22', 2253),
(200, 'Отправить письмо', 4, '2014-08-14 10:14:39', 2253),
(201, 'Присвоить бейдж суши', 2, '2014-08-14 10:14:40', 2253),
(202, 'Присвоить баллы за рецепт', 1, '2014-08-14 10:14:40', 2253),
(203, 'Присвоить баллы за рецепт', 5, '2014-08-14 17:24:24', 2253),
(204, 'Отправить письмо', 4, '2014-08-15 10:17:13', 2253),
(205, 'Присвоить бейдж суши', 2, '2014-08-15 10:17:13', 2253),
(206, 'Присвоить баллы за рецепт', 1, '2014-08-15 10:17:13', 2253),
(207, 'Присвоить баллы за рецепт', 5, '2014-08-15 10:34:50', 2253),
(208, 'Присвоить баллы за рецепт', 5, '2014-08-15 12:04:33', 2253),
(209, 'Присвоить баллы за рецепт', 5, '2014-08-15 12:07:16', 2253),
(210, 'Отправить письмо', 4, '2014-08-15 12:29:34', 56),
(211, 'Присвоить бейдж суши', 2, '2014-08-15 12:29:34', 56),
(212, 'Присвоить баллы за рецепт', 1, '2014-08-15 12:29:34', 56),
(213, 'Присвоить баллы за рецепт', 5, '2014-08-15 13:05:32', 2253),
(214, 'Присвоить баллы за рецепт', 5, '2014-08-15 13:41:36', 2253),
(215, 'Присвоить баллы за рецепт', 5, '2014-08-15 13:45:43', 2253),
(216, 'Присвоить баллы за рецепт', 5, '2014-08-15 14:14:44', 2253),
(217, 'Отправить письмо', 4, '2014-08-18 10:40:03', 2253),
(218, 'Присвоить бейдж суши', 2, '2014-08-18 10:40:03', 2253),
(219, 'Присвоить баллы за рецепт', 1, '2014-08-18 10:40:03', 2253),
(220, 'Отправить письмо', 0, '2014-08-18 12:32:04', 2253),
(221, 'Присвоить баллы за рецепт', 1, '2014-08-18 12:32:04', 2253),
(222, 'Отправить письмо', 0, '2014-08-18 12:33:09', 2253),
(223, 'Присвоить баллы за рецепт', 1, '2014-08-18 12:33:09', 2253),
(224, 'Отправить письмо', 5, '2014-08-18 12:34:40', 2253),
(225, 'Присвоить баллы за рецепт', 5, '2014-08-18 12:34:40', 2253),
(226, 'Отправить письмо', 4, '2014-08-18 12:46:35', 56),
(227, 'Присвоить бейдж суши', 2, '2014-08-18 12:46:35', 56),
(228, 'Присвоить баллы за рецепт', 1, '2014-08-18 12:46:35', 56),
(229, 'Отправить письмо', 4, '2014-08-25 11:11:15', 2253),
(230, 'Присвоить бейдж суши', 2, '2014-08-25 11:11:15', 2253),
(231, 'Присвоить баллы за рецепт', 1, '2014-08-25 11:11:15', 2253),
(232, 'Отправить письмо', 4, '2014-08-26 16:56:09', 2253),
(233, 'Присвоить бейдж суши', 2, '2014-08-26 16:56:10', 2253),
(234, 'Присвоить баллы за рецепт', 1, '2014-08-26 16:56:10', 2253),
(235, 'Отправить письмо', 4, '2014-08-27 12:06:04', 2253),
(236, 'Присвоить бейдж суши', 2, '2014-08-27 12:06:04', 2253),
(237, 'Присвоить баллы за рецепт', 1, '2014-08-27 12:06:04', 2253),
(238, 'Отправить письмо', 6, '2014-08-27 17:19:35', 2253),
(239, 'Писмо профиля поля', 6, '2014-08-27 17:22:06', 2253),
(240, 'Отправить письмо', 4, '2014-08-27 17:32:12', 2253),
(241, 'Присвоить бейдж суши', 2, '2014-08-27 17:32:12', 2253),
(242, 'Присвоить баллы за рецепт', 1, '2014-08-27 17:32:12', 2253),
(243, 'Отправить письмо', 4, '2014-08-29 12:03:23', 2253),
(244, 'Присвоить бейдж суши', 2, '2014-08-29 12:03:24', 2253),
(245, 'Присвоить баллы за рецепт', 1, '2014-08-29 12:03:24', 2253),
(246, 'Отправить письмо', 4, '2014-08-29 12:21:18', 2253),
(247, 'Присвоить бейдж суши', 2, '2014-08-29 12:21:19', 2253),
(248, 'Присвоить баллы за рецепт', 1, '2014-08-29 12:21:19', 2253),
(249, 'Отправить письмо', 4, '2014-08-29 15:03:48', 2253),
(250, 'Присвоить бейдж суши', 2, '2014-08-29 15:03:48', 2253),
(251, 'Присвоить баллы за рецепт', 1, '2014-08-29 15:03:48', 2253),
(252, 'Отправить письмо', 4, '2014-09-01 11:41:36', 2253),
(253, 'Присвоить бейдж суши', 2, '2014-09-01 11:41:37', 2253),
(254, 'Присвоить баллы за рецепт', 1, '2014-09-01 11:41:37', 2253),
(255, 'Отправить письмо', 4, '2014-09-02 11:17:05', 2253),
(256, 'Присвоить бейдж суши', 2, '2014-09-02 11:17:05', 2253),
(257, 'Присвоить баллы за рецепт', 1, '2014-09-02 11:17:06', 2253),
(258, 'Отправить письмо', 4, '2014-09-02 17:58:43', 1),
(259, 'Присвоить бейдж суши', 2, '2014-09-02 17:58:43', 1),
(260, 'Присвоить баллы за рецепт', 1, '2014-09-02 17:58:43', 1),
(261, 'Отправить письмо', 4, '2014-09-08 17:12:22', 2253),
(262, 'Присвоить бейдж суши', 2, '2014-09-08 17:12:23', 2253),
(263, 'Присвоить баллы за рецепт', 1, '2014-09-08 17:12:23', 2253);